method,is_sharpe_mean,oos_sharpe_mean,is_pf_mean,oos_pf_mean,degradation_pct,param_stability
antigo_fixo,-0.08349549985510187,-0.004415241446200135,1.0037843942181643,1.0713661857293608,-94.7120007019991,1.0
honesto_reotim,0.4156940672764301,-0.16219134857605796,1.7076132102029178,1.1400995358292092,-139.01699864006076,0.5
